1,g1,1:110365045,1:110365045:G:A:dose
2,g2,1:172864224,1:172864224:A:G:dose
3,g3,1:183056222,1:183056222:T:C:dose
4,g4,1:201885446,1:201885446:G:T:dose
5,g5,1:205163798,1:205163798:G:A:dose
6,g6,1:222045446,1:222045446:G:T:dose
7,g7,1:22503282,1:22503282:G:C:dose
8,g8,1:22583066,1:22583066:G:A:dose
9,g9,1:22710877,1:22710877:G:C:dose
10,g10,1:240408346,1:240408346:A:G:dose
11,g11,1:245181421,1:245181421:T:C:dose
12,g12,1:38461319,1:38461319:C:A:dose
13,g13,1:55247852,1:55247852:A:G:dose
14,g14,1:62673037,1:62673037:T:C:dose
15,g15,1:71040166,1:71040166:G:T:dose
16,g16,10:101290301,10:101290301:T:C:dose
17,g17,10:101344263,10:101344263:G:A:dose
18,g18,10:104595248,10:104595248:G:A:dose
19,g19,10:114280702,10:114280702:T:C:dose
20,g20,10:114726843,10:114726843:G:A:dose
21,g21,10:29291556,10:29291556:C:T:dose
22,g22,10:52646093,10:52646093:G:A:dose
23,g23,10:80819132,10:80819132:A:G:dose
24,g24,10:81048611,10:81048611:C:T:dose
25,g25,10:8663875,10:8663875:C:T:dose
26,g26,10:8739580,10:8739580:T:A:dose
27,g27,10:91574624,10:91574624:G:A:dose
28,g28,11:100717136,11:100717136:G:A:dose
29,g29,11:101616011,11:101616011:C:T:dose
30,g30,11:10331664,11:10331664:A:C:dose
31,g31,11:111156836,11:111156836:T:C:dose
32,g32,11:118758089,11:118758089:C:T:dose
33,g33,11:61552680,11:61552680:G:T:dose
34,g34,11:69938433,11:69938433:A:G:dose
35,g35,11:74364566,11:74364566:A:C:dose
36,g36,11:74409077,11:74409077:T:C:dose
37,g37,11:74628743,11:74628743:C:T:dose
38,g38,12:112007756,12:112007756:C:T:dose
39,g39,12:115094260,12:115094260:A:G:dose
40,g40,12:115098094,12:115098094:G:A:dose
41,g41,12:115890922,12:115890922:T:C:dose
42,g42,12:117747590,12:117747590:T:G:dose
43,g43,12:31594813,12:31594813:C:T:dose
44,g44,12:43130624,12:43130624:A:G:dose
45,g45,12:4368352,12:4368352:T:C:dose
46,g46,12:4388271,12:4388271:C:T:dose
47,g47,12:4400808,12:4400808:C:T:dose
48,g48,12:51216890,12:51216890:T:C:dose
49,g49,12:57540848,12:57540848:C:G:dose
50,g50,12:6385727,12:6385727:C:T:dose
51,g51,12:6407044,12:6407044:A:C:dose
52,g52,12:64404555,12:64404555:T:C:dose
53,g53,12:71518329,12:71518329:G:T:dose
54,g54,12:96050887,12:96050887:A:G:dose
55,g55,13:110352851,13:110352851:G:C:dose
56,g56,13:111078872,13:111078872:A:G:dose
57,g57,13:27543193,13:27543193:C:T:dose
58,g58,13:34093518,13:34093518:C:G:dose
59,g59,13:37491650,13:37491650:T:C:dose
60,g60,13:73649152,13:73649152:A:G:dose
61,g61,13:73791554,13:73791554:T:C:dose
62,g62,13:73986628,13:73986628:A:G:dose
63,g63,13:78601413,13:78601413:A:C:dose
64,g64,14:51359658,14:51359658:T:G:dose
65,g65,14:52491655,14:52491655:T:C:dose
66,g66,14:54369299,14:54369299:G:A:dose
67,g67,14:54419106,14:54419106:A:C:dose
68,g68,14:54445157,14:54445157:G:A:dose
69,g69,14:59189361,14:59189361:G:A:dose
70,g70,14:59208437,14:59208437:G:A:dose
71,g71,14:93014929,14:93014929:G:A:dose
72,g72,14:99782937,14:99782937:G:A:dose
73,g73,15:32999806,15:32999806:C:T:dose
74,g74,15:33009574,15:33009574:C:G:dose
75,g75,15:33156386,15:33156386:G:A:dose
76,g76,15:67000117,15:67000117:C:A:dose
77,g77,15:67402824,15:67402824:T:C:dose
78,g78,15:68075698,15:68075698:G:A:dose
79,g79,15:72508799,15:72508799:C:A:dose
80,g80,15:91185291,15:91185291:C:T:dose
81,g81,16:68743939,16:68743939:A:C:dose
82,g82,16:80036840,16:80036840:A:G:dose
83,g83,16:86254051,16:86254051:C:A:dose
84,g84,16:86338288,16:86338288:A:T:dose
85,g85,16:86703949,16:86703949:C:T:dose
86,g86,17:10707241,17:10707241:G:A:dose
87,g87,17:70413253,17:70413253:G:A:dose
88,g88,17:800593,17:800593:T:C:dose
89,g89,17:809643,17:809643:G:A:dose
90,g90,17:81053330,17:81053330:T:C:dose
91,g91,18:3616779,18:3616779:T:A:dose
92,g92,18:46452327,18:46452327:A:G:dose
93,g93,19:1157642,19:1157642:G:A:dose
94,g94,19:16417198,19:16417198:C:T:dose
95,g95,19:33519927,19:33519927:T:G:dose
96,g96,19:41860296,19:41860296:A:G:dose
97,g97,19:49218602,19:49218602:C:T:dose
98,g98,19:5840926,19:5840926:C:A:dose
99,g99,19:59017640,19:59017640:G:A:dose
100,g100,2:136407479,2:136407479:A:G:dose
101,g101,2:159964552,2:159964552:T:C:dose
102,g102,2:169025379,2:169025379:A:G:dose
103,g103,2:199570718,2:199570718:G:A:dose
104,g104,2:199888532,2:199888532:C:G:dose
105,g105,2:219191256,2:219191256:T:C:dose
106,g106,2:48686695,2:48686695:T:A:dose
107,g107,2:98275354,2:98275354:G:A:dose
108,g108,20:33187130,20:33187130:G:A:dose
109,g109,20:42532821,20:42532821:C:T:dose
110,g110,20:42658274,20:42658274:A:C:dose
111,g111,20:47340117,20:47340117:A:G:dose
112,g112,20:48986567,20:48986567:C:T:dose
113,g113,20:49060191,20:49060191:C:T:dose
114,g114,20:49256285,20:49256285:C:T:dose
115,g115,20:55831203,20:55831203:A:G:dose
116,g116,20:57475191,20:57475191:A:G:dose
117,g117,20:60932414,20:60932414:T:C:dose
118,g118,20:62308612,20:62308612:T:G:dose
119,g119,20:6376481,20:6376481:G:A:dose
120,g120,20:6603622,20:6603622:C:T:dose
121,g121,20:6699595,20:6699595:T:G:dose
122,g122,20:6762221,20:6762221:C:T:dose
123,g123,20:7812350,20:7812350:T:C:dose
124,g124,21:47772439,21:47772439:G:A:dose
125,g125,22:29406076,22:29406076:T:G:dose
126,g126,22:39644273,22:39644273:G:A:dose
127,g127,22:43689542,22:43689542:G:A:dose
128,g128,22:45745229,22:45745229:T:G:dose
129,g129,22:46364191,22:46364191:C:T:dose
130,g130,3:112903888,3:112903888:A:G:dose
131,g131,3:112916918,3:112916918:C:T:dose
132,g132,3:112999560,3:112999560:G:A:dose
133,g133,3:133701119,3:133701119:G:A:dose
134,g134,3:133748789,3:133748789:T:C:dose
135,g135,3:169492101,3:169492101:C:T:dose
136,g136,3:37034946,3:37034946:G:A:dose
137,g137,3:40915239,3:40915239:A:G:dose
138,g138,3:52880740,3:52880740:C:T:dose
139,g139,3:53071797,3:53071797:G:C:dose
140,g140,3:64252424,3:64252424:C:T:dose
141,g141,3:64624426,3:64624426:C:T:dose
142,g142,3:66444330,3:66444330:T:C:dose
143,g143,4:106131210,4:106131210:C:T:dose
144,g144,4:115502406,4:115502406:G:A:dose
145,g145,4:145659064,4:145659064:T:C:dose
146,g146,4:151501208,4:151501208:G:C:dose
147,g147,4:175420523,4:175420523:T:C:dose
148,g148,4:94937860,4:94937860:T:C:dose
149,g149,5:1240998,5:1240998:T:C:dose
150,g150,5:125988175,5:125988175:G:A:dose
151,g151,5:1296486,5:1296486:A:G:dose
152,g152,5:134499092,5:134499092:C:A:dose
153,g153,5:149546426,5:149546426:A:G:dose
154,g154,5:172324558,5:172324558:G:A:dose
155,g155,5:39612157,5:39612157:C:T:dose
156,g156,5:40090784,5:40090784:C:T:dose
157,g157,5:40282106,5:40282106:G:C:dose
158,g158,5:82881255,5:82881255:C:T:dose
159,g159,6:105962625,6:105962625:C:A:dose
160,g160,6:106482613,6:106482613:T:C:dose
161,g161,6:117809031,6:117809031:T:C:dose
162,g162,6:12292772,6:12292772:G:T:dose
163,g163,6:133993925,6:133993925:C:T:dose
164,g164,6:28862617,6:28862617:G:C:dose
165,g165,6:29809860,6:29809860:G:A:dose
166,g166,6:31010185,6:31010185:T:C:dose
167,g167,6:31062667,6:31062667:T:C:dose
168,g168,6:31317361,6:31317361:G:A:dose
169,g169,6:31427095,6:31427095:A:G:dose
170,g170,6:32191339,6:32191339:C:T:dose
171,g171,6:32586732,6:32586732:G:C:dose
172,g172,6:35569562,6:35569562:A:G:dose
173,g173,6:36623379,6:36623379:G:A:dose
174,g174,6:41692812,6:41692812:G:A:dose
175,g175,6:45572071,6:45572071:G:A:dose
176,g176,6:55577214,6:55577214:T:C:dose
177,g177,6:55712124,6:55712124:C:T:dose
178,g178,6:6749789,6:6749789:C:T:dose
179,g179,6:7231843,6:7231843:G:A:dose
180,g180,7:129632840,7:129632840:T:G:dose
181,g181,7:130600748,7:130600748:A:G:dose
182,g182,7:2863289,7:2863289:A:C:dose
183,g183,7:45150331,7:45150331:A:C:dose
184,g184,7:46094089,7:46094089:C:T:dose
185,g185,7:46889411,7:46889411:G:A:dose
186,g186,7:47510741,7:47510741:A:G:dose
187,g187,7:73167259,7:73167259:C:T:dose
188,g188,7:99477426,7:99477426:G:A:dose
189,g189,8:117624093,8:117624093:T:C:dose
190,g190,8:117630683,8:117630683:A:C:dose
191,g191,8:117790914,8:117790914:C:A:dose
192,g192,8:128413305,8:128413305:G:T:dose
193,g193,8:128414892,8:128414892:T:C:dose
194,g194,8:128581578,8:128581578:G:A:dose
195,g195,8:23664632,8:23664632:G:C:dose
196,g196,8:59742639,8:59742639:G:C:dose
197,g197,9:101679752,9:101679752:T:G:dose
198,g198,9:110373819,9:110373819:C:T:dose
199,g199,9:113654654,9:113654654:G:C:dose
200,g200,9:136682468,9:136682468:C:T:dose
201,g201,9:136925663,9:136925663:G:T:dose
202,g202,9:22105927,9:22105927:T:C:dose
203,g203,9:34107505,9:34107505:C:T:dose
